rating,user_id,item_id
4.0,0,0
4.0,0,1
4.0,0,2
2.0,0,3
3.0,0,4
2.0,0,5
4.0,0,6
4.0,0,7
3.0,0,8
4.0,0,9
3.0,0,10
4.0,0,11
2.0,0,12
2.0,0,13
5.0,0,14
4.0,0,15
4.0,0,16
2.0,0,17
3.0,0,18
2.0,0,19
5.0,0,20
4.0,0,21
4.0,0,22
4.0,0,23
3.0,0,24
3.0,0,25
4.0,0,26
3.0,0,27
4.0,0,28
5.0,0,29
4.0,0,30
4.0,0,31
4.0,0,32
4.0,0,33
4.0,0,34
4.0,0,35
3.0,0,36
3.0,0,37
4.0,0,38
4.0,0,39
5.0,0,40
4.0,0,41
5.0,0,41
3.0,0,42
4.0,0,43
4.0,0,44
4.0,0,45
3.0,0,46
3.0,0,47
5.0,0,48
4.0,0,49
4.0,0,50
4.0,0,51
2.0,0,52
3.0,0,53
5.0,0,54
3.0,0,55
3.0,0,56
5.0,0,57
4.0,0,58
3.0,0,59
4.0,0,60
3.0,0,61
4.0,0,62
2.0,0,63
5.0,0,64
3.0,0,65
5.0,1,0
4.0,1,66
3.0,1,67
3.0,1,68
3.0,1,69
5.0,1,70
5.0,1,71
4.0,1,72
4.0,1,73
2.0,1,73
2.0,1,74
4.0,1,75
4.0,1,76
5.0,1,77
3.0,1,78
3.0,1,79
3.0,1,79
1.0,1,80
2.0,1,81
5.0,1,82
2.0,1,83
2.0,1,84
1.0,1,85
5.0,1,86
5.0,1,87
4.0,1,88
3.0,1,89
4.0,1,90
3.0,1,91
5.0,1,92
5.0,1,93
3.0,1,94
4.0,1,95
4.0,1,96
5.0,1,96
1.0,1,97
3.0,1,98
5.0,1,99
1.0,1,100
5.0,1,101
5.0,1,102
4.0,1,103
3.0,1,104
3.0,1,105
4.0,1,106
1.0,1,107
4.0,1,108
4.0,1,109
1.0,1,110
5.0,1,111
5.0,1,112
5.0,1,113
4.0,1,114
2.0,1,115
5.0,1,116
1.0,1,117
4.0,1,118
2.0,1,119
5.0,1,120
4.0,1,120
3.0,1,121
4.0,1,121
3.0,1,122
2.0,1,123
3.0,1,124
1.0,1,125
5.0,1,126
3.0,1,127
5.0,1,128
3.0,1,128
5.0,1,129
4.0,1,130
4.0,1,131
2.0,1,132
4.0,1,133
5.0,1,134
5.0,1,135
3.0,1,136
2.0,1,137
5.0,1,138
1.0,1,139
1.0,1,140
1.0,1,141
3.0,1,142
5.0,1,143
4.0,1,144
4.0,1,145
4.0,1,146
5.0,1,147
1.0,1,148
4.0,1,149
5.0,1,150
3.0,1,151
5.0,1,152
2.0,1,153
3.0,1,154
4.0,1,155
4.0,1,156
3.0,1,157
4.0,1,158
5.0,1,159
5.0,1,160
5.0,1,161
5.0,1,162
5.0,1,163
3.0,1,164
4.0,1,165
4.0,1,166
4.0,1,167
2.0,1,168
5.0,1,169
3.0,1,170
3.0,1,171
5.0,1,172
5.0,1,173
5.0,1,174
5.0,1,175
4.0,1,176
5.0,1,177
3.0,1,178
4.0,1,179
4.0,1,180
4.0,1,181
4.0,1,182
4.0,1,183
2.0,1,184
2.0,1,185
5.0,1,186
5.0,1,187
3.0,1,188
2.0,1,188
4.0,1,189
4.0,1,190
5.0,1,191
1.0,1,192
5.0,1,193
5.0,2,0
5.0,2,194
5.0,2,195
5.0,2,195
1.0,2,196
4.0,2,197
5.0,2,198
5.0,2,199
4.0,2,200
2.0,2,201
5.0,2,202
5.0,2,203
5.0,3,0
4.0,3,204
4.0,3,205
2.0,3,206
4.0,3,207
2.0,3,208
5.0,3,209
4.0,3,210
4.0,3,211
5.0,3,88
5.0,3,212
5.0,3,213
4.0,3,214
4.0,3,215
3.0,3,216
5.0,3,217
4.0,3,218
4.0,3,219
2.0,3,220
4.0,3,221
3.0,3,222
4.0,3,223
3.0,3,118
5.0,3,224
4.0,3,225
4.0,3,226
2.0,3,227
4.0,3,228
3.0,3,229
5.0,3,230
4.0,3,231
5.0,3,232
5.0,3,233
4.0,3,234
4.0,3,235
1.0,3,236
4.0,3,237
5.0,3,238
4.0,3,239
3.0,3,240
4.0,3,241
4.0,3,242
2.0,3,243
1.0,3,244
4.0,3,245
4.0,3,246
5.0,3,247
4.0,3,248
4.0,3,249
4.0,3,249
4.0,3,250
4.0,3,251
5.0,3,252
2.0,3,253
4.0,3,254
5.0,3,255
5.0,3,256
3.0,3,257
3.0,3,258
2.0,3,259
4.0,3,260
5.0,3,261
4.0,3,165
5.0,3,262
4.0,3,263
5.0,3,264
4.0,3,265
5.0,3,266
2.0,3,267
5.0,3,268
4.0,3,269
4.0,3,270
3.0,3,271
4.0,3,272
4.0,3,273
3.0,3,187
4.0,3,274
4.0,3,192
4.0,3,275
4.0,3,276
4.0,3,277
5.0,3,278
1.0,4,279
4.0,4,280
3.0,4,281
4.0,4,282
2.0,4,283
5.0,4,284
4.0,4,285
3.0,4,286
3.0,4,287
4.0,4,288
5.0,4,289
4.0,4,290
5.0,5,291
4.0,5,279
4.0,5,292
2.0,5,293
3.0,5,294
4.0,5,1
5.0,5,295
5.0,5,296
4.0,5,297
4.0,5,298
4.0,5,299
4.0,5,300
4.0,5,301
3.0,5,302
3.0,5,303
3.0,5,304
4.0,5,305
3.0,5,306
5.0,5,307
5.0,5,308
4.0,5,309
4.0,5,310
4.0,5,311
4.0,5,312
5.0,5,313
1.0,5,314
4.0,5,315
3.0,5,316
5.0,5,54
5.0,5,317
4.0,5,318
4.0,5,319
5.0,5,320
5.0,5,321
5.0,5,322
3.0,5,323
1.0,5,324
5.0,5,325
4.0,5,326
5.0,5,327
2.0,5,328
4.0,6,329
5.0,6,330
4.0,6,331
3.0,6,332
3.0,6,332
4.0,6,333
4.0,6,334
4.0,6,335
3.0,6,281
5.0,6,336
3.0,6,337
5.0,6,338
4.0,6,339
5.0,6,340
3.0,6,341
4.0,6,342
3.0,6,343
3.0,6,301
4.0,6,282
5.0,6,344
3.0,6,303
5.0,6,345
5.0,6,346
4.0,6,347
3.0,6,348
5.0,6,349
5.0,6,350
5.0,6,351
5.0,6,352
5.0,6,353
4.0,6,354
3.0,6,355
5.0,6,356
4.0,6,357
3.0,6,358
4.0,6,359
3.0,6,360
4.0,6,361
3.0,6,362
5.0,6,363
4.0,6,364
5.0,6,364
5.0,6,365
3.0,6,311
3.0,6,366
4.0,6,367
5.0,6,368
4.0,6,369
3.0,6,370
4.0,6,371
5.0,6,372
3.0,6,373
3.0,6,374
4.0,6,375
3.0,6,376
4.0,6,377
5.0,6,378
4.0,6,379
3.0,6,380
3.0,6,381
3.0,6,382
4.0,6,383
4.0,6,384
5.0,6,385
2.0,6,386
3.0,6,387
5.0,6,388
4.0,6,389
4.0,6,390
4.0,6,391
4.0,6,392
5.0,6,392
3.0,6,322
3.0,6,322
5.0,6,393
4.0,6,394
1.0,7,395
3.0,7,396
5.0,7,397
4.0,7,398
1.0,7,399
1.0,7,400
4.0,7,401
4.0,7,402
1.0,7,377
5.0,7,378
3.0,7,403
2.0,7,404
2.0,7,405
5.0,7,406
5.0,8,407
3.0,8,292
3.0,8,408
4.0,8,1
5.0,8,409
5.0,8,409
1.0,8,410
4.0,8,411
4.0,8,412
3.0,8,340
3.0,8,413
2.0,8,414
3.0,8,400
3.0,8,415
3.0,8,350
3.0,8,416
4.0,8,417
4.0,8,312
4.0,8,418
3.0,8,419
3.0,8,420
5.0,8,286
3.0,8,404
4.0,8,287
3.0,8,391
4.0,8,392
2.0,8,324
5.0,9,407
3.0,9,421
3.0,9,422
3.0,9,423
2.0,9,424
3.0,9,329
1.0,9,425
3.0,9,426
3.0,9,427
3.0,9,428
4.0,9,429
2.0,9,429
2.0,9,430
4.0,9,431
3.0,9,281
4.0,9,432
4.0,9,398
4.0,9,433
3.0,9,340
2.0,9,434
4.0,9,435
3.0,9,436
5.0,9,437
2.0,9,282
4.0,9,438
2.0,9,439
5.0,9,440
4.0,9,441
4.0,9,441
4.0,9,442
3.0,9,443
4.0,9,444
4.0,9,445
4.0,9,446
4.0,9,446
3.0,9,359
5.0,9,447
4.0,9,448
4.0,9,449
4.0,9,450
1.0,9,451
5.0,9,452
2.0,9,453
5.0,9,454
3.0,9,455
2.0,9,373
4.0,9,456
3.0,9,419
4.0,9,457
4.0,9,458
3.0,9,459
4.0,9,460
3.0,9,54
3.0,9,461
2.0,9,462
2.0,9,463
2.0,9,463
3.0,9,464
3.0,9,465
2.0,9,466
4.0,9,404
5.0,9,467
4.0,9,468
4.0,9,469
4.0,9,470
3.0,9,471
4.0,9,472
4.0,9,473
4.0,9,474
5.0,9,475
4.0,9,476
3.0,9,327
4.0,9,477
5.0,9,478
2.0,9,479
4.0,9,480
4.0,9,481
5.0,9,482
4.0,10,483
4.0,10,484
3.0,10,485
4.0,10,486
4.0,10,487
5.0,10,488
4.0,10,489
5.0,10,490
2.0,10,491
4.0,10,41
4.0,10,150
5.0,10,492
4.0,11,483
5.0,11,493
4.0,11,494
5.0,11,495
4.0,11,496
5.0,11,497
3.0,11,498
5.0,11,281
5.0,11,499
5.0,11,499
2.0,11,500
5.0,11,501
4.0,11,434
4.0,11,502
4.0,11,503
4.0,11,504
5.0,11,505
3.0,11,506
4.0,11,507
4.0,11,508
4.0,11,509
2.0,11,510
1.0,11,511
4.0,11,512
4.0,11,513
5.0,11,514
4.0,11,354
3.0,11,515
3.0,11,516
4.0,11,517
4.0,11,364
2.0,11,518
5.0,11,519
4.0,11,520
3.0,11,520
4.0,11,521
5.0,11,522
5.0,11,523
4.0,11,524
5.0,11,525
4.0,11,526
4.0,12,483
4.0,12,527
5.0,12,528
4.0,12,529
1.0,12,530
5.0,12,299
5.0,12,302
2.0,12,531
5.0,12,532
5.0,12,533
4.0,12,534
4.0,12,311
1.0,12,535
5.0,12,536
5.0,12,378
5.0,12,537
3.0,12,537
5.0,12,538
1.0,12,539
3.0,13,483
4.0,13,540
3.0,13,541
4.0,13,542
4.0,13,543
5.0,13,544
5.0,13,545
4.0,13,546
3.0,13,105
4.0,13,547
4.0,13,513
5.0,13,548
3.0,13,549
4.0,13,550
2.0,13,551
3.0,13,552
5.0,13,553
4.0,13,554
5.0,14,483
4.0,14,527
5.0,14,495
3.0,14,555
5.0,14,301
4.0,14,556
5.0,14,557
4.0,14,558
5.0,14,559
5.0,14,560
3.0,14,374
5.0,14,524
5.0,14,561
2.0,15,483
3.0,15,562
5.0,15,563
3.0,15,564
3.0,15,565
1.0,15,566
4.0,15,567
1.0,15,283
3.0,15,568
4.0,15,569
2.0,16,570
1.0,16,571
2.0,16,304
4.0,16,572
5.0,16,356
4.0,16,573
1.0,16,574
5.0,16,575
4.0,16,576
5.0,16,394
4.0,17,577
5.0,17,280
3.0,17,280
4.0,17,578
5.0,17,579
5.0,17,580
2.0,17,581
4.0,17,582
3.0,17,302
2.0,17,583
2.0,17,584
4.0,17,584
2.0,17,445
2.0,17,585
4.0,17,585
5.0,17,573
4.0,17,586
5.0,17,587
2.0,17,372
3.0,17,457
5.0,17,588
4.0,17,589
4.0,18,590
5.0,18,591
2.0,18,592
4.0,18,593
5.0,18,594
2.0,18,555
4.0,18,595
4.0,18,596
4.0,18,342
1.0,18,597
2.0,18,598
4.0,18,599
5.0,18,352
4.0,18,600
2.0,18,601
1.0,18,602
5.0,18,402
4.0,18,603
5.0,18,372
5.0,18,372
2.0,18,373
4.0,18,458
2.0,18,604
5.0,18,380
3.0,18,380
4.0,18,605
5.0,19,606
1.0,19,607
5.0,19,608
4.0,19,609
4.0,19,333
5.0,19,610
4.0,19,611
4.0,19,398
3.0,19,612
4.0,19,613
5.0,19,614
4.0,19,615
5.0,19,616
5.0,19,617
5.0,19,618
2.0,19,102
5.0,19,619
5.0,19,620
3.0,19,621
4.0,19,622
5.0,19,623
5.0,19,624
5.0,19,625
4.0,19,626
5.0,19,627
2.0,19,628
5.0,19,14
4.0,19,629
5.0,19,630
2.0,19,15
5.0,19,547
5.0,19,631
5.0,19,632
4.0,19,633
5.0,19,634
4.0,19,635
5.0,19,636
5.0,19,637
5.0,19,638
4.0,19,557
3.0,19,639
4.0,19,640
5.0,19,641
4.0,19,642
4.0,19,361
5.0,19,549
5.0,19,643
4.0,19,644
4.0,19,45
5.0,19,45
4.0,19,645
5.0,19,646
4.0,19,316
5.0,19,647
5.0,19,648
5.0,19,649
3.0,19,650
4.0,19,651
3.0,19,652
3.0,19,328
2.0,20,653
4.0,20,654
3.0,20,654
3.0,20,654
2.0,20,590
2.0,20,423
2.0,20,423
2.0,20,577
1.0,20,577
1.0,20,577
4.0,20,408
2.0,20,655
4.0,20,427
2.0,20,594
1.0,20,594
3.0,20,332
5.0,20,332
2.0,20,656
4.0,20,333
3.0,20,657
1.0,20,658
3.0,20,659
4.0,20,570
4.0,20,660
3.0,20,661
3.0,20,336
4.0,20,662
1.0,20,663
3.0,20,664
2.0,20,665
2.0,20,666
4.0,20,667
3.0,20,301
2.0,20,668
2.0,20,571
4.0,20,669
3.0,20,627
1.0,20,670
2.0,20,671
3.0,20,672
1.0,20,672
3.0,20,350
4.0,20,441
5.0,20,351
4.0,20,352
2.0,20,352
3.0,20,673
1.0,20,674
1.0,20,674
4.0,20,675
4.0,20,676
4.0,20,677
4.0,20,678
5.0,20,679
2.0,20,680
2.0,20,363
3.0,20,364
3.0,20,365
5.0,20,681
1.0,20,366
1.0,20,682
1.0,20,683
5.0,20,684
3.0,20,685
3.0,20,455
3.0,20,372
3.0,20,372
5.0,20,686
1.0,20,456
4.0,20,458
2.0,20,687
2.0,20,688
4.0,20,689
3.0,20,378
4.0,20,54
3.0,20,690
3.0,20,691
2.0,20,461
2.0,20,380
4.0,20,381
4.0,20,605
4.0,20,605
2.0,20,692
4.0,20,385
4.0,20,693
3.0,20,389
4.0,20,391
2.0,20,694
3.0,20,405
5.0,20,289
4.0,20,322
3.0,20,695
3.0,20,696
3.0,20,697
4.0,20,698
2.0,20,699
5.0,20,700
2.0,21,606
3.0,21,291
4.0,21,701
2.0,21,292
3.0,21,702
3.0,21,703
4.0,21,703
3.0,21,704
5.0,21,705
4.0,21,654
4.0,21,706
2.0,21,590
3.0,21,423
4.0,21,577
5.0,21,707
5.0,21,708
3.0,21,396
2.0,21,280
3.0,21,280
5.0,21,709
3.0,21,710
2.0,21,711
5.0,21,712
4.0,21,713
4.0,21,714
4.0,21,715
4.0,21,527
4.0,21,495
3.0,21,608
5.0,21,716
2.0,21,717
1.0,21,718
4.0,21,719
4.0,21,720
4.0,21,2
5.0,21,721
1.0,21,722
5.0,21,723
4.0,21,723
5.0,21,724
4.0,21,725
2.0,21,725
1.0,21,726
5.0,21,424
5.0,21,424
4.0,21,727
5.0,21,728
5.0,21,295
5.0,21,729
4.0,21,730
5.0,21,593
5.0,21,593
4.0,21,4
5.0,21,430
3.0,21,731
4.0,21,332
5.0,21,609
4.0,21,732
2.0,21,733
2.0,21,734
2.0,21,496
5.0,21,735
4.0,21,333
5.0,21,610
4.0,21,736
3.0,21,737
4.0,21,335
4.0,21,555
4.0,21,738
3.0,21,739
2.0,21,740
2.0,21,281
5.0,21,741
4.0,21,742
4.0,21,611
3.0,21,611
3.0,21,743
4.0,21,744
4.0,21,660
4.0,21,745
4.0,21,661
4.0,21,746
4.0,21,747
3.0,21,748
5.0,21,336
3.0,21,530
4.0,21,749
3.0,21,750
4.0,21,751
4.0,21,751
4.0,21,298
1.0,21,299
3.0,21,339
4.0,21,433
4.0,21,752
3.0,21,753
4.0,21,6
4.0,21,754
3.0,21,502
4.0,21,755
5.0,21,756
4.0,21,757
4.0,21,758
3.0,21,759
4.0,21,613
5.0,21,760
5.0,21,761
2.0,21,343
4.0,21,762
4.0,21,8
4.0,21,618
2.0,21,763
5.0,21,764
5.0,21,764
2.0,21,765
4.0,21,414
5.0,21,301
5.0,21,301
3.0,21,400
3.0,21,436
5.0,21,302
5.0,21,437
4.0,21,282
4.0,21,766
3.0,21,767
5.0,21,768
4.0,21,303
5.0,21,345
2.0,21,769
4.0,21,770
3.0,21,771
2.0,21,772
5.0,21,773
4.0,21,304
4.0,21,774
5.0,21,775
4.0,21,346
4.0,21,669
3.0,21,776
4.0,21,777
3.0,21,778
5.0,21,627
3.0,21,779
4.0,21,584
5.0,21,780
3.0,21,781
5.0,21,14
5.0,21,782
4.0,21,783
4.0,21,629
5.0,21,347
4.0,21,597
5.0,21,784
4.0,21,547
5.0,21,547
4.0,21,224
2.0,21,785
2.0,21,786
3.0,21,787
3.0,21,439
2.0,21,439
4.0,21,788
4.0,21,789
5.0,21,672
5.0,21,672
4.0,21,632
5.0,21,632
4.0,21,790
3.0,21,791
5.0,21,792
5.0,21,793
3.0,21,794
3.0,21,18
4.0,21,795
5.0,21,795
5.0,21,795
4.0,21,796
4.0,21,797
4.0,21,798
5.0,21,799
3.0,21,800
4.0,21,349
4.0,21,634
4.0,21,599
5.0,21,350
4.0,21,801
5.0,21,20
4.0,21,802
3.0,21,803
4.0,21,804
4.0,21,805
5.0,21,351
4.0,21,806
5.0,21,514
5.0,21,352
5.0,21,353
3.0,21,353
3.0,21,673
5.0,21,807
4.0,21,808
4.0,21,809
4.0,21,24
3.0,21,810
5.0,21,811
3.0,21,812
5.0,21,813
4.0,21,813
2.0,21,814
3.0,21,815
3.0,21,557
2.0,21,557
5.0,21,816
1.0,21,817
5.0,21,818
3.0,21,819
4.0,21,354
3.0,21,820
3.0,21,821
4.0,21,822
4.0,21,823
5.0,21,823
3.0,21,355
4.0,21,601
5.0,21,677
4.0,21,356
4.0,21,356
5.0,21,824
5.0,21,416
4.0,21,558
3.0,21,825
4.0,21,826
5.0,21,548
5.0,21,417
4.0,21,357
4.0,21,678
3.0,21,573
3.0,21,827
4.0,21,828
2.0,21,829
4.0,21,830
3.0,21,359
3.0,21,831
4.0,21,832
5.0,21,447
4.0,21,360
3.0,21,833
2.0,21,834
3.0,21,835
4.0,21,836
2.0,21,837
4.0,21,448
3.0,21,642
2.0,21,642
4.0,21,838
5.0,21,361
4.0,21,361
5.0,21,361
2.0,21,680
5.0,21,839
3.0,21,363
2.0,21,449
4.0,21,364
2.0,21,840
3.0,21,309
4.0,21,841
4.0,21,365
3.0,21,842
4.0,21,843
2.0,21,844
4.0,21,519
5.0,21,845
5.0,21,681
4.0,21,846
4.0,21,311
2.0,21,847
3.0,21,848
5.0,21,849
5.0,21,850
4.0,21,450
4.0,21,851
2.0,21,852
2.0,21,586
5.0,21,853
4.0,21,854
4.0,21,855
3.0,21,856
5.0,21,857
4.0,21,402
3.0,21,858
4.0,21,859
4.0,21,559
1.0,21,860
3.0,21,861
4.0,21,862
5.0,21,863
5.0,21,864
4.0,21,865
4.0,21,587
4.0,21,866
4.0,21,867
3.0,21,452
4.0,21,868
3.0,21,869
4.0,21,870
4.0,21,536
5.0,21,871
3.0,21,872
5.0,21,873
5.0,21,874
3.0,21,875
2.0,21,875
4.0,21,876
2.0,21,877
4.0,21,44
4.0,21,878
5.0,21,368
5.0,21,879
4.0,21,880
5.0,21,369
4.0,21,881
3.0,21,882
4.0,21,370
4.0,21,883
4.0,21,372
4.0,21,884
2.0,21,884
3.0,21,373
4.0,21,885
4.0,21,886
4.0,21,887
2.0,21,888
2.0,21,889
2.0,21,374
4.0,21,47
4.0,21,890
2.0,21,150
4.0,21,375
5.0,21,457
5.0,21,457
5.0,21,891
4.0,21,458
4.0,21,458
4.0,21,892
5.0,21,893
4.0,21,894
5.0,21,687
5.0,21,687
3.0,21,688
5.0,21,689
4.0,21,895
5.0,21,316
4.0,21,896
3.0,21,524
4.0,21,524
4.0,21,376
4.0,21,897
1.0,21,551
4.0,21,377
5.0,21,378
4.0,21,54
5.0,21,54
5.0,21,54
4.0,21,898
5.0,21,647
4.0,21,690
5.0,21,899
4.0,21,899
3.0,21,900
5.0,21,901
5.0,21,901
5.0,21,902
4.0,21,903
3.0,21,379
4.0,21,379
5.0,21,904
4.0,21,905
5.0,21,691
3.0,21,604
4.0,21,906
3.0,21,907
5.0,21,908
4.0,21,909
4.0,21,910
3.0,21,380
4.0,21,381
4.0,21,381
4.0,21,381
3.0,21,462
2.0,21,605
4.0,21,911
2.0,21,912
4.0,21,913
4.0,21,914
5.0,21,463
1.0,21,915
3.0,21,916
2.0,21,648
4.0,21,917
3.0,21,285
3.0,21,588
5.0,21,588
2.0,21,918
5.0,21,465
2.0,21,919
4.0,21,919
4.0,21,920
2.0,21,920
4.0,21,921
5.0,21,921
2.0,21,922
4.0,21,923
4.0,21,286
3.0,21,404
2.0,21,924
4.0,21,925
4.0,21,318
5.0,21,467
5.0,21,926
2.0,21,927
3.0,21,928
5.0,21,929
4.0,21,561
4.0,21,930
5.0,21,931
4.0,21,932
4.0,21,933
4.0,21,934
4.0,21,384
4.0,21,692
2.0,21,935
3.0,21,936
5.0,21,937
5.0,21,385
4.0,21,386
5.0,21,320
5.0,21,938
2.0,21,388
4.0,21,693
4.0,21,939
4.0,21,940
3.0,21,389
3.0,21,539
5.0,21,941
5.0,21,390
4.0,21,942
5.0,21,288
5.0,21,943
3.0,21,391
3.0,21,471
3.0,21,944
3.0,21,553
4.0,21,553
4.0,21,405
5.0,21,472
5.0,21,473
4.0,21,945
2.0,21,945
5.0,21,289
4.0,21,946
4.0,21,947
4.0,21,321
3.0,21,322
4.0,21,948
5.0,21,323
5.0,21,949
4.0,21,950
4.0,21,393
4.0,21,474
2.0,21,394
4.0,21,951
3.0,21,324
4.0,21,952
4.0,21,953
4.0,21,476
4.0,21,954
2.0,21,955
3.0,21,956
4.0,21,325
4.0,21,696
4.0,21,697
4.0,21,326
3.0,21,957
5.0,21,327
4.0,21,958
4.0,21,406
5.0,21,477
4.0,21,959
4.0,21,328
4.0,21,960
4.0,21,478
4.0,21,961
4.0,21,962
4.0,21,963
4.0,21,964
2.0,21,965
4.0,21,481
4.0,21,966
4.0,21,967
3.0,22,291
4.0,22,968
2.0,22,969
2.0,22,970
3.0,22,971
4.0,22,972
3.0,22,973
4.0,22,707
5.0,22,714
2.0,22,974
4.0,22,564
4.0,22,528
4.0,22,975
4.0,22,658
3.0,22,976
3.0,22,739
2.0,22,741
2.0,22,611
5.0,22,743
2.0,22,977
1.0,22,744
3.0,22,978
4.0,22,499
2.0,22,979
5.0,22,748
3.0,22,5
3.0,22,980
4.0,22,981
2.0,22,299
5.0,22,752
1.0,22,982
3.0,22,399
5.0,22,6
4.0,22,983
1.0,22,757
3.0,22,984
4.0,22,985
3.0,22,302
1.0,22,986
3.0,22,987
4.0,22,584
4.0,22,584
4.0,22,597
2.0,22,598
1.0,22,988
5.0,22,792
1.0,22,800
5.0,22,20
4.0,22,808
2.0,22,989
4.0,22,809
2.0,22,815
3.0,22,990
3.0,22,990
4.0,22,991
2.0,22,602
4.0,22,548
4.0,22,829
2.0,22,992
3.0,22,993
5.0,22,838
4.0,22,994
5.0,22,311
4.0,22,847
4.0,22,995
4.0,22,996
3.0,22,861
1.0,22,997
4.0,22,587
4.0,22,536
4.0,22,874
4.0,22,454
4.0,22,575
4.0,22,377
1.0,22,924
3.0,22,998
1.0,22,695
3.0,23,540
4.0,23,969
5.0,23,705
4.0,23,999
4.0,23,280
5.0,23,1000
5.0,23,711
5.0,23,607
4.0,23,713
3.0,23,1001
2.0,23,1002
4.0,23,495
4.0,23,1
5.0,23,1003
4.0,23,1004
4.0,23,541
5.0,23,1005
4.0,23,722
2.0,23,1006
5.0,23,726
3.0,23,1007
5.0,23,593
5.0,23,3
4.0,23,4
2.0,23,579
4.0,23,1008
4.0,23,1009
5.0,23,594
4.0,23,330
5.0,23,564
3.0,23,429
4.0,23,430
5.0,23,543
3.0,23,1010
3.0,23,296
3.0,23,975
5.0,23,497
4.0,23,740
5.0,23,281
5.0,23,741
5.0,23,1011
4.0,23,530
3.0,23,398
5.0,23,750
4.0,23,751
3.0,23,298
4.0,23,1012
4.0,23,1013
4.0,23,1014
4.0,23,1015
5.0,23,1016
4.0,23,545
5.0,23,755
4.0,23,757
5.0,23,1017
3.0,23,343
4.0,23,618
1.0,23,282
5.0,23,626
5.0,23,778
4.0,23,14
5.0,23,547
1.0,23,1018
4.0,23,439
5.0,23,1019
5.0,23,348
5.0,23,20
4.0,23,513
5.0,23,440
2.0,23,806
4.0,23,1020
4.0,23,1021
5.0,23,1021
4.0,23,808
5.0,23,989
5.0,23,809
5.0,23,811
3.0,23,1022
4.0,23,814
5.0,23,816
4.0,23,1023
5.0,23,819
5.0,23,1024
4.0,23,354
4.0,23,1025
2.0,23,1026
3.0,23,1027
4.0,23,640
4.0,23,558
4.0,23,548
5.0,23,641
5.0,23,359
4.0,23,1028
5.0,23,642
4.0,23,361
4.0,23,1029
5.0,23,549
3.0,23,309
4.0,23,1030
4.0,23,519
4.0,23,1031
3.0,23,311
4.0,23,851
3.0,23,854
4.0,23,40
5.0,23,856
5.0,23,1032
4.0,23,550
2.0,23,1033
4.0,23,1034
5.0,23,1035
5.0,23,1036
4.0,23,862
5.0,23,1037
3.0,23,869
4.0,23,870
3.0,23,882
4.0,23,453
4.0,23,45
5.0,23,1038
5.0,23,889
2.0,23,1039
5.0,23,375
5.0,23,891
4.0,23,892
4.0,23,1040
5.0,23,896
5.0,23,376
2.0,23,551
5.0,23,53
5.0,23,54
5.0,23,647
3.0,23,900
4.0,23,901
5.0,23,1041
4.0,23,537
2.0,23,905
5.0,23,691
4.0,23,910
5.0,23,1042
2.0,23,381
5.0,23,911
4.0,23,913
5.0,23,538
4.0,23,1043
5.0,23,403
5.0,23,648
4.0,23,1044
4.0,23,588
5.0,23,919
5.0,23,921
4.0,23,466
4.0,23,922
5.0,23,318
4.0,23,927
5.0,23,561
5.0,23,319
4.0,23,1045
4.0,23,1046
4.0,23,1047
5.0,23,937
4.0,23,1048
3.0,23,470
4.0,23,1049
2.0,23,1050
5.0,23,288
5.0,23,471
3.0,23,944
5.0,23,472
4.0,23,473
4.0,23,945
4.0,23,947
5.0,23,1051
5.0,23,322
5.0,23,1052
5.0,23,476
5.0,23,1053
5.0,23,477
4.0,23,1054
2.0,24,291
3.0,24,701
2.0,24,1055
2.0,24,292
3.0,24,702
3.0,24,703
1.0,24,293
2.0,24,969
4.0,24,970
3.0,24,972
4.0,24,294
2.0,24,590
4.0,24,577
4.0,24,408
4.0,24,707
5.0,24,708
5.0,24,708
5.0,24,1056
3.0,24,711
5.0,24,1057
5.0,24,1057
4.0,24,607
4.0,24,714
4.0,24,1002
5.0,24,1002
4.0,24,495
3.0,24,1058
2.0,24,1059
4.0,24,608
5.0,24,1004
5.0,24,1060
2.0,24,1005
4.0,24,1061
1.0,24,1062
4.0,24,1063
4.0,24,430
2.0,24,528
4.0,24,1010
4.0,24,297
4.0,24,281
1.0,24,743
1.0,24,1064
5.0,24,744
1.0,24,1065
3.0,24,748
1.0,24,398
2.0,24,980
2.0,24,751
4.0,24,298
4.0,24,299
5.0,24,1066
4.0,24,1067
3.0,24,1068
3.0,24,1069
3.0,24,983
4.0,24,1016
3.0,24,545
2.0,24,7
5.0,24,758
2.0,24,984
5.0,24,613
5.0,24,1070
3.0,24,343
4.0,24,1071
3.0,24,764
3.0,24,414
2.0,24,1072
5.0,24,415
1.0,24,282
4.0,24,1073
5.0,24,768
4.0,24,344
1.0,24,986
4.0,24,774
5.0,24,669
2.0,24,305
4.0,24,1074
5.0,24,14
4.0,24,597
2.0,24,598
3.0,24,1075
2.0,24,800
3.0,24,350
4.0,24,20
3.0,24,1076
5.0,24,1077
2.0,24,808
2.0,24,989
2.0,24,24
5.0,24,811
5.0,24,443
3.0,24,1078
1.0,24,813
5.0,24,815
5.0,24,557
5.0,24,819
3.0,24,639
5.0,24,677
4.0,24,306
3.0,24,602
4.0,24,1079
3.0,24,640
2.0,24,1080
5.0,24,1081
3.0,24,534
5.0,24,1082
3.0,24,448
2.0,24,838
2.0,24,307
4.0,24,549
4.0,24,309
2.0,24,310
1.0,24,994
1.0,24,854
4.0,24,559
3.0,24,861
3.0,24,862
2.0,24,560
4.0,24,869
5.0,24,536
2.0,24,875
2.0,24,877
3.0,24,879
5.0,24,370
4.0,24,45
4.0,24,373
5.0,24,1083
4.0,24,458
3.0,24,895
2.0,24,551
2.0,24,1084
4.0,24,911
3.0,24,538
5.0,24,285
5.0,24,1085
5.0,24,286
3.0,24,589
1.0,24,925
5.0,24,927
5.0,24,1086
2.0,24,1051
3.0,24,955
1.0,24,956
5.0,24,1053
2.0,24,1087
3.0,24,290
3.0,24,1088
4.0,25,540
5.0,25,1057
4.0,25,608
5.0,25,430
5.0,25,528
4.0,25,1089
5.0,25,1090
5.0,25,1091
5.0,25,1092
5.0,25,1093
5.0,25,1064
4.0,25,529
5.0,25,1094
5.0,25,982
5.0,25,1095
5.0,25,1096
3.0,25,613
4.0,25,761
5.0,25,1070
5.0,25,1097
5.0,25,1097
5.0,25,1098
5.0,25,1099
3.0,25,1100
4.0,25,1101
3.0,25,1102
2.0,25,1103
4.0,25,1104
5.0,25,764
5.0,25,301
3.0,25,1105
5.0,25,771
5.0,25,1106
5.0,25,14
4.0,25,1107
4.0,25,1108
5.0,25,1109
5.0,25,1019
3.0,25,1110
4.0,25,1020
4.0,25,1111
4.0,25,1031
5.0,25,1112
1.0,25,1113
5.0,26,540
5.0,26,1114
5.0,26,1115
2.0,26,303
3.0,26,1116
4.0,26,547
2.0,26,1117
3.0,26,1026
5.0,26,1118
5.0,26,1119
2.0,26,867
4.0,26,319
5.0,27,540
4.0,27,606
4.0,27,606
4.0,27,606
2.0,27,1120
3.0,27,292
4.0,27,707
5.0,27,1121
4.0,27,527
3.0,27,495
3.0,27,495
3.0,27,1122
3.0,27,1058
4.0,27,1
4.0,27,409
3.0,27,1004
2.0,27,541
4.0,27,721
3.0,27,1123
4.0,27,1124
4.0,27,729
3.0,27,430
2.0,27,528
5.0,27,1125
3.0,27,543
3.0,27,609
4.0,27,296
2.0,27,296
4.0,27,1126
5.0,27,733
3.0,27,1127
3.0,27,1064
3.0,27,397
3.0,27,1128
4.0,27,1129
3.0,27,298
4.0,27,434
4.0,27,982
4.0,27,613
5.0,27,764
4.0,27,302
3.0,27,282
5.0,27,768
4.0,27,304
4.0,27,304
5.0,27,304
5.0,27,304
5.0,27,346
3.0,27,776
5.0,27,627
5.0,27,627
4.0,27,1130
4.0,27,780
5.0,27,14
4.0,27,347
3.0,27,597
3.0,27,598
4.0,27,547
4.0,27,547
3.0,27,672
3.0,27,567
3.0,27,513
3.0,27,1131
3.0,27,353
5.0,27,1132
2.0,27,818
4.0,27,1133
2.0,27,639
4.0,27,1027
4.0,27,356
2.0,27,824
3.0,27,640
4.0,27,1134
4.0,27,548
3.0,27,1111
4.0,27,642
5.0,27,361
4.0,27,839
4.0,27,839
4.0,27,363
4.0,27,1135
3.0,27,310
5.0,27,1136
4.0,27,846
2.0,27,311
5.0,27,1137
4.0,27,851
4.0,27,851
5.0,27,1138
4.0,27,856
4.0,27,402
4.0,27,402
2.0,27,1139
3.0,27,559
3.0,27,550
3.0,27,550
4.0,27,1140
4.0,27,1140
4.0,27,1140
4.0,27,1140
4.0,27,1140
2.0,27,1140
4.0,27,1141
4.0,27,1141
4.0,27,1141
3.0,27,643
4.0,27,861
3.0,27,863
4.0,27,587
4.0,27,1037
4.0,27,1142
4.0,27,1142
5.0,27,372
3.0,27,1038
3.0,27,889
3.0,27,889
4.0,27,1143
4.0,27,1143
4.0,27,1143
4.0,27,1143
4.0,27,375
3.0,27,1144
4.0,27,1144
4.0,27,1144
3.0,27,457
5.0,27,891
4.0,27,458
4.0,27,458
4.0,27,687
5.0,27,687
4.0,27,689
4.0,27,895
3.0,27,1040
3.0,27,377
4.0,27,1145
4.0,27,378
3.0,27,690
3.0,27,1146
3.0,27,1146
4.0,27,1146
5.0,27,691
4.0,27,1147
4.0,27,1148
3.0,27,1149
5.0,27,1042
4.0,27,1042
4.0,27,1042
4.0,27,380
4.0,27,538
3.0,27,914
4.0,27,463
4.0,27,463
4.0,27,463
3.0,27,648
5.0,27,284
4.0,27,588
4.0,27,465
5.0,27,921
4.0,27,921
3.0,27,923
3.0,27,286
4.0,27,404
5.0,27,925
5.0,27,1150
4.0,27,467
3.0,27,561
3.0,27,319
4.0,27,931
4.0,27,1151
4.0,27,1152
4.0,27,1153
4.0,27,384
3.0,27,1045
4.0,27,1046
4.0,27,1046
4.0,27,385
4.0,27,1048
4.0,27,1048
3.0,27,1154
3.0,27,1154
4.0,27,388
4.0,27,1049
4.0,27,1050
3.0,27,1050
3.0,27,539
4.0,27,998
4.0,27,473
4.0,27,473
4.0,27,947
3.0,27,1051
4.0,27,948
4.0,27,1052
4.0,27,955
3.0,27,1155
3.0,27,1156
4.0,27,327
3.0,27,652
3.0,27,1157
4.0,27,1158
3.0,27,1159
4.0,27,1160
4.0,27,481
4.0,27,966
4.0,27,1161
4.0,27,1088
5.0,28,540
4.0,28,1162
5.0,28,330
5.0,28,1163
2.0,28,1164
5.0,28,789
4.0,28,356
4.0,28,365
4.0,28,452
5.0,28,316
5.0,28,53
5.0,29,540
3.0,29,8
5.0,29,614
5.0,29,1165
4.0,29,102
4.0,29,1166
4.0,29,1167
3.0,29,1168
5.0,29,1169
2.0,29,1170
5.0,29,305
5.0,29,1171
3.0,29,1172
3.0,29,24
3.0,29,1173
4.0,29,1174
2.0,29,1175
3.0,29,1176
2.0,29,1177
3.0,29,884
5.0,29,538
4.0,29,1178
4.0,29,1179
5.0,30,540
4.0,30,292
5.0,30,493
3.0,30,1180
2.0,30,422
4.0,30,280
4.0,30,1056
2.0,30,1181
4.0,30,1121
5.0,30,495
4.0,30,1
5.0,30,409
2.0,30,1062
5.0,30,1182
3.0,30,1183
5.0,30,1184
5.0,30,730
3.0,30,1185
4.0,30,1186
4.0,30,564
4.0,30,430
5.0,30,1187
3.0,30,739
4.0,30,739
4.0,30,281
4.0,30,1188
5.0,30,977
5.0,30,1065
3.0,30,660
4.0,30,499
5.0,30,1189
4.0,30,748
3.0,30,1190
3.0,30,1191
4.0,30,1191
5.0,30,298
3.0,30,1012
4.0,30,1192
4.0,30,1193
4.0,30,755
4.0,30,414
3.0,30,771
4.0,30,774
4.0,30,531
2.0,30,987
2.0,30,780
5.0,30,14
4.0,30,597
4.0,30,632
5.0,30,798
4.0,30,440
4.0,30,514
3.0,30,24
4.0,30,1022
4.0,30,991
4.0,30,1194
4.0,30,1133
3.0,30,639
5.0,30,1195
5.0,30,1079
3.0,30,1111
3.0,30,364
2.0,30,1031
4.0,30,850
4.0,30,450
4.0,30,1196
3.0,30,40
2.0,30,402
4.0,30,683
5.0,30,559
3.0,30,1197
5.0,30,368
4.0,30,879
3.0,30,1198
2.0,30,1142
5.0,30,1199
5.0,30,458
4.0,30,687
3.0,30,524
4.0,30,551
2.0,30,1200
4.0,30,1200
5.0,30,904
4.0,30,1147
3.0,30,906
4.0,30,1201
5.0,30,1085
4.0,30,466
4.0,30,404
2.0,30,404
5.0,30,926
5.0,30,929
4.0,30,1151
5.0,30,933
4.0,30,939
4.0,30,1202
4.0,30,1203
5.0,30,998
2.0,30,471
4.0,30,325
5.0,30,325
5.0,30,1204
5.0,30,1205
5.0,30,1206
4.0,30,482
4.0,31,540
3.0,31,1055
3.0,31,702
4.0,31,495
4.0,31,608
4.0,31,1207
4.0,31,1008
4.0,31,429
4.0,31,431
3.0,31,281
3.0,31,1208
4.0,31,1209
4.0,31,1210
3.0,31,502
4.0,31,755
4.0,31,1164
2.0,31,1211
5.0,31,301
3.0,31,400
4.0,31,302
3.0,31,489
4.0,31,627
4.0,31,17
4.0,31,797
4.0,31,1117
3.0,31,24
3.0,31,817
4.0,31,1195
3.0,31,359
4.0,31,309
4.0,31,535
4.0,31,44
4.0,31,457
5.0,31,458
4.0,31,316
4.0,31,316
4.0,31,524
2.0,31,551
5.0,31,1200
5.0,31,54
5.0,31,54
3.0,31,1212
3.0,31,1213
4.0,31,1214
4.0,31,589
4.0,31,1215
4.0,31,936
4.0,31,492
4.0,31,955
5.0,32,540
3.0,32,294
5.0,32,1216
5.0,32,1216
4.0,32,430
2.0,32,411
2.0,32,1217
4.0,32,737
1.0,32,659
4.0,32,739
4.0,32,1190
5.0,32,1218
3.0,32,668
4.0,32,796
5.0,32,350
4.0,32,1219
5.0,32,1220
3.0,32,1221
5.0,32,353
5.0,32,676
3.0,32,601
4.0,32,361
5.0,32,365
4.0,32,367
4.0,32,866
2.0,32,373
3.0,32,314
4.0,32,375
5.0,32,381
5.0,32,463
4.0,32,318
4.0,32,947
3.0,32,394
5.0,33,540
2.0,33,495
1.0,33,1122
2.0,33,541
4.0,33,1222
4.0,33,1223
2.0,33,1224
4.0,33,1224
4.0,33,1225
3.0,33,1226
1.0,33,1227
4.0,33,1228
5.0,33,618
3.0,33,774
2.0,33,1229
1.0,33,1230
4.0,33,1231
1.0,33,1232
1.0,33,1232
2.0,33,1232
2.0,33,640
4.0,33,861
1.0,33,1233
1.0,33,1233
2.0,33,1040
1.0,33,1234
3.0,33,1235
5.0,33,1236
2.0,33,1237
5.0,33,386
3.0,33,1238
2.0,33,1239
3.0,33,1240
5.0,33,1241
5.0,33,1242
5.0,33,1243
4.0,34,1244
2.0,34,1245
4.0,34,1166
4.0,34,11
2.0,34,509
4.0,34,623
4.0,34,511
2.0,34,1246
3.0,34,1247
3.0,34,1248
2.0,34,1249
1.0,34,1250
4.0,34,1251
4.0,34,1252
4.0,34,534
1.0,34,828
2.0,34,36
4.0,34,1253
3.0,34,1254
2.0,34,884
2.0,35,1055
4.0,35,1058
4.0,35,430
5.0,35,528
4.0,35,298
5.0,35,6
4.0,35,7
4.0,35,1255
4.0,35,347
3.0,35,1256
3.0,35,800
4.0,35,1020
5.0,35,1021
5.0,35,863
4.0,35,560
4.0,35,865
3.0,35,285
4.0,35,464
4.0,35,404
5.0,35,1257
1.0,35,318
4.0,35,1215
3.0,35,384
3.0,35,470
5.0,35,472
2.0,36,422
5.0,36,710
1.0,36,711
3.0,36,717
5.0,36,748
5.0,36,532
5.0,36,809
5.0,36,444
5.0,36,356
5.0,36,446
4.0,36,831
5.0,36,1111
5.0,36,458
3.0,37,279
4.0,37,1
5.0,37,409
3.0,37,410
4.0,37,430
4.0,37,1258
4.0,37,1190
4.0,37,777
4.0,37,347
4.0,37,670
2.0,37,794
5.0,37,514
4.0,37,353
1.0,37,364
5.0,37,310
3.0,37,586
2.0,37,869
4.0,37,373
4.0,37,458
2.0,37,1259
4.0,37,1148
1.0,37,1148
5.0,38,2
4.0,38,2
4.0,38,3
4.0,38,1217
4.0,38,1208
5.0,38,501
3.0,38,582
4.0,38,757
4.0,38,302
5.0,38,1260
3.0,38,571
4.0,38,987
4.0,38,780
5.0,38,1261
4.0,38,634
3.0,38,25
2.0,38,1262
3.0,38,450
3.0,38,1263
5.0,38,373
3.0,38,1264
4.0,38,890
4.0,38,316
5.0,38,896
3.0,38,53
3.0,38,53
3.0,38,918
4.0,38,589
5.0,38,928
4.0,38,931
5.0,38,323
5.0,39,609
3.0,39,610
5.0,39,1265
4.0,39,433
3.0,39,759
4.0,39,769
4.0,39,796
2.0,39,812
3.0,39,587
5.0,39,452
5.0,39,1198
5.0,39,881
1.0,39,314
5.0,39,689
5.0,39,921
5.0,39,926
5.0,39,1266
4.0,39,539
5.0,39,289
4.0,39,950
5.0,39,954
3.0,39,964
4.0,39,966
5.0,39,482
4.0,40,396
4.0,40,1058
4.0,40,722
2.0,40,1267
2.0,40,1268
5.0,40,609
5.0,40,414
3.0,40,301
3.0,40,1255
2.0,40,304
5.0,40,778
3.0,40,597
5.0,40,353
4.0,40,557
4.0,40,548
2.0,40,549
5.0,40,364
4.0,40,856
5.0,40,1139
5.0,40,1036
5.0,40,1036
4.0,40,316
3.0,40,381
5.0,40,917
5.0,40,1269
3.0,40,1152
5.0,40,652
4.0,41,706
5.0,41,1121
4.0,41,1002
5.0,41,1122
5.0,41,1003
5.0,41,1270
5.0,41,430
5.0,41,411
5.0,41,733
5.0,41,565
3.0,41,281
5.0,41,399
4.0,41,545
5.0,41,400
5.0,41,302
5.0,41,1271
4.0,41,1272
5.0,41,783
5.0,41,783
3.0,41,1273
3.0,41,347
2.0,41,785
3.0,41,988
5.0,41,417
4.0,41,362
4.0,41,1135
5.0,41,586
5.0,41,550
5.0,41,1142
5.0,41,647
5.0,41,404
5.0,41,1274
4.0,41,1046
5.0,41,1275
4.0,42,423
5.0,42,430
4.0,42,332
4.0,42,281
3.0,42,529
4.0,42,755
4.0,42,24
4.0,42,829
4.0,42,359
3.0,42,875
5.0,42,458
4.0,42,316
5.0,42,378
4.0,42,939
3.0,42,405
1.0,43,1001
5.0,43,495
4.0,43,720
4.0,43,609
3.0,43,1012
5.0,43,582
4.0,43,1276
4.0,43,1277
3.0,43,1278
5.0,43,597
4.0,43,785
2.0,43,795
4.0,43,816
5.0,43,356
5.0,43,363
1.0,43,1279
2.0,43,450
2.0,43,1280
3.0,43,535
5.0,43,863
5.0,43,1281
4.0,43,536
5.0,43,1282
4.0,43,44
4.0,43,1283
4.0,43,1284
4.0,43,375
5.0,43,1042
1.0,43,283
3.0,43,914
4.0,43,588
5.0,43,588
4.0,43,918
4.0,43,923
4.0,43,319
4.0,43,384
4.0,43,1046
4.0,43,1285
3.0,43,1154
2.0,43,1050
5.0,43,473
5.0,43,948
5.0,43,1286
3.0,44,726
4.0,44,543
2.0,44,333
4.0,44,752
4.0,44,6
1.0,44,668
4.0,44,1272
4.0,44,347
4.0,44,349
4.0,44,1287
4.0,44,803
5.0,44,821
4.0,44,1288
4.0,44,446
3.0,44,401
4.0,44,359
4.0,44,450
3.0,44,859
4.0,44,882
4.0,44,883
4.0,44,457
4.0,44,1289
3.0,45,495
5.0,45,657
3.0,45,1290
5.0,45,414
4.0,45,438
5.0,45,440
4.0,45,851
3.0,45,863
5.0,45,587
1.0,45,1038
2.0,45,1148
4.0,45,553
3.0,46,703
3.0,46,1291
5.0,46,423
5.0,46,707
3.0,46,717
4.0,46,720
2.0,46,1292
3.0,46,728
4.0,46,329
4.0,46,329
5.0,46,295
4.0,46,1293
5.0,46,1294
2.0,46,330
3.0,46,429
3.0,46,411
3.0,46,297
5.0,46,1187
4.0,46,1295
3.0,46,658
4.0,46,737
2.0,46,334
3.0,46,281
3.0,46,744
4.0,46,748
5.0,46,1296
3.0,46,581
2.0,46,337
4.0,46,662
1.0,46,663
4.0,46,1297
3.0,46,664
1.0,46,665
3.0,46,433
5.0,46,1298
2.0,46,1299
4.0,46,1069
2.0,46,434
4.0,46,982
4.0,46,342
3.0,46,983
3.0,46,1193
5.0,46,760
2.0,46,1300
4.0,46,400
3.0,46,436
4.0,46,302
3.0,46,1260
4.0,46,415
4.0,46,437
4.0,46,1301
3.0,46,282
5.0,46,344
2.0,46,303
4.0,46,771
4.0,46,438
4.0,46,346
4.0,46,1302
4.0,46,1272
3.0,46,598
4.0,46,671
1.0,46,788
4.0,46,1303
5.0,46,672
5.0,46,1304
5.0,46,796
4.0,46,797
3.0,46,599
4.0,46,440
3.0,46,802
5.0,46,352
4.0,46,1131
4.0,46,1305
5.0,46,443
3.0,46,1306
3.0,46,557
2.0,46,817
2.0,46,818
3.0,46,1307
5.0,46,675
3.0,46,820
3.0,46,1308
5.0,46,1133
4.0,46,677
4.0,46,1079
5.0,46,548
3.0,46,446
4.0,46,358
3.0,46,359
3.0,46,363
4.0,46,846
2.0,46,1309
1.0,46,860
4.0,46,1035
4.0,46,864
4.0,46,1310
5.0,46,368
4.0,46,879
4.0,46,1311
4.0,46,373
4.0,46,886
4.0,46,888
5.0,46,1283
3.0,46,419
4.0,46,457
4.0,46,458
3.0,46,892
5.0,46,459
4.0,46,689
3.0,46,420
4.0,46,377
4.0,46,378
5.0,46,54
3.0,46,898
2.0,46,898
5.0,46,1147
3.0,46,380
4.0,46,283
4.0,46,463
3.0,46,464
5.0,46,465
4.0,46,919
3.0,46,1312
4.0,46,286
4.0,46,404
4.0,46,929
5.0,46,1274
5.0,46,1153
5.0,46,933
3.0,46,384
5.0,46,385
2.0,46,386
3.0,46,1313
4.0,46,939
4.0,46,943
5.0,46,553
5.0,46,289
4.0,46,322
5.0,46,949
4.0,46,393
5.0,46,1314
4.0,46,476
1.0,46,1315
4.0,46,1316
3.0,46,696
4.0,46,326
5.0,46,327
4.0,46,327
5.0,46,477
4.0,46,1157
2.0,46,960
5.0,46,1317
3.0,46,1159
3.0,46,1160
4.0,46,1318
3.0,46,1319
2.0,46,1320
3.0,46,1321
5.0,46,482
1.0,47,292
2.0,47,1322
3.0,47,1180
2.0,47,590
4.0,47,577
3.0,47,495
5.0,47,1323
3.0,47,528
5.0,47,1268
4.0,47,658
5.0,47,1324
5.0,47,281
5.0,47,742
5.0,47,977
4.0,47,979
3.0,47,748
4.0,47,1325
4.0,47,1191
4.0,47,750
5.0,47,1326
4.0,47,751
4.0,47,298
4.0,47,981
5.0,47,663
3.0,47,1299
5.0,47,340
2.0,47,1327
5.0,47,399
5.0,47,983
4.0,47,545
5.0,47,7
4.0,47,7
5.0,47,302
4.0,47,415
4.0,47,531
5.0,47,669
4.0,47,987
5.0,47,1328
5.0,47,597
4.0,47,534
4.0,47,854
4.0,47,862
4.0,47,587
3.0,47,911
4.0,48,606
2.0,48,606
3.0,48,1058
1.0,48,608
5.0,48,347
2.0,48,1135
2.0,48,1037
5.0,48,879
5.0,48,1042
5.0,48,385
5.0,48,327
5.0,48,406
5.0,48,964
3.0,49,606
4.0,49,423
3.0,49,281
3.0,49,1208
2.0,49,748
4.0,49,1329
2.0,49,415
4.0,49,1330
5.0,49,823
4.0,49,364
4.0,50,606
3.0,50,702
4.0,50,1331
4.0,50,423
4.0,50,708
3.0,50,710
3.0,50,1001
3.0,50,495
4.0,50,1058
3.0,50,719
3.0,50,720
5.0,50,1294
2.0,50,430
3.0,50,1332
3.0,50,1010
4.0,50,609
4.0,50,296
4.0,50,660
3.0,50,1333
4.0,50,336
4.0,50,749
4.0,50,1334
3.0,50,298
4.0,50,545
5.0,50,1335
5.0,50,765
3.0,50,301
3.0,50,1255
4.0,50,771
5.0,50,778
3.0,50,532
3.0,50,584
3.0,50,347
4.0,50,547
4.0,50,790
4.0,50,440
5.0,50,1021
4.0,50,1336
4.0,50,416
2.0,50,641
3.0,50,357
4.0,50,1135
5.0,50,846
3.0,50,311
4.0,50,851
3.0,50,852
4.0,50,856
3.0,50,550
4.0,50,1140
3.0,50,1141
4.0,50,863
3.0,50,587
3.0,50,871
4.0,50,1142
5.0,50,890
4.0,50,375
4.0,50,1337
4.0,50,687
3.0,50,1338
4.0,50,378
3.0,50,54
3.0,50,1146
4.0,50,1148
4.0,50,1042
3.0,50,462
4.0,50,913
5.0,50,1339
4.0,50,538
3.0,50,648
3.0,50,918
3.0,50,919
5.0,50,925
5.0,50,926
4.0,50,927
3.0,50,319
5.0,50,1048
4.0,50,1154
5.0,50,1049
3.0,50,1050
5.0,50,288
4.0,50,473
3.0,50,1340
4.0,50,945
3.0,50,393
4.0,50,324
5.0,50,953
3.0,50,955
5.0,50,326
5.0,50,327
4.0,50,406
5.0,50,477
3.0,50,961
2.0,51,606
4.0,51,294
4.0,51,280
4.0,51,1059
1.0,51,410
5.0,51,1341
1.0,51,1342
5.0,51,430
5.0,51,609
5.0,51,1343
3.0,51,281
2.0,51,745
2.0,51,663
2.0,51,1344
4.0,51,1163
1.0,51,1345
5.0,51,756
4.0,51,438
2.0,51,988
4.0,51,803
2.0,51,1346
3.0,51,866
4.0,51,373
2.0,51,1259
5.0,51,1347
4.0,51,648
4.0,51,318
5.0,51,1215
2.0,51,468
4.0,51,1348
5.0,51,1349
4.0,51,392
5.0,51,322
5.0,51,569
5.0,51,327
4.0,51,328
2.0,51,699
3.0,51,699
2.0,51,290
5.0,51,1161
4.0,52,606
3.0,52,973
3.0,52,590
4.0,52,423
2.0,52,1267
4.0,52,295
3.0,52,593
4.0,52,594
2.0,52,430
3.0,52,333
2.0,52,610
3.0,52,1350
4.0,52,737
3.0,52,334
3.0,52,1351
3.0,52,741
3.0,52,981
2.0,52,399
4.0,52,618
3.0,52,1352
3.0,52,1353
3.0,52,302
2.0,52,303
4.0,52,771
4.0,52,669
3.0,52,1074
4.0,52,778
4.0,52,347
2.0,52,439
4.0,52,788
4.0,52,1303
5.0,52,795
2.0,52,634
4.0,52,1354
3.0,52,353
2.0,52,556
2.0,52,812
3.0,52,1336
3.0,52,815
2.0,52,818
2.0,52,820
3.0,52,601
4.0,52,356
5.0,52,548
3.0,52,359
2.0,52,642
3.0,52,363
2.0,52,364
3.0,52,309
4.0,52,844
1.0,52,1031
3.0,52,846
4.0,52,847
1.0,52,366
3.0,52,586
4.0,52,853
3.0,52,1032
3.0,52,872
3.0,52,874
1.0,52,44
5.0,52,881
3.0,52,372
3.0,52,373
4.0,52,1264
4.0,52,891
4.0,52,892
4.0,52,688
3.0,52,315
3.0,52,377
4.0,52,377
4.0,52,54
4.0,52,1212
3.0,52,907
3.0,52,605
4.0,52,284
3.0,52,465
4.0,52,919
4.0,52,1355
3.0,52,386
2.0,52,386
3.0,52,322
4.0,53,606
4.0,53,1002
2.0,53,541
3.0,53,541
5.0,53,1126
5.0,53,744
4.0,53,529
5.0,53,981
5.0,53,761
5.0,53,790
4.0,53,550
4.0,53,1340
5.0,54,606
4.0,54,702
2.0,54,608
5.0,54,543
5.0,54,1126
4.0,54,611
5.0,54,981
5.0,54,6
5.0,54,545
5.0,54,768
3.0,54,304
5.0,54,598
4.0,54,843
3.0,54,550
4.0,54,374
5.0,54,377
3.0,54,54
4.0,54,942
5.0,54,569
5.0,54,1356
1.0,55,606
3.0,55,493
3.0,55,1344
4.0,55,377
5.0,55,1042
2.0,55,589
4.0,55,568
4.0,55,390
5.0,55,1086
5.0,55,1086
4.0,55,326
4.0,55,1357
1.0,55,1319
3.0,56,606
4.0,56,752
4.0,56,342
4.0,56,771
5.0,56,795
4.0,56,353
5.0,56,548
5.0,56,1358
3.0,56,310
5.0,56,1198
5.0,56,375
5.0,56,459
5.0,56,1359
3.0,56,468
5.0,56,389
5.0,56,392
4.0,56,289
4.0,56,322
4.0,56,1315
2.0,56,1360
4.0,57,969
4.0,57,971
2.0,57,653
3.0,57,1361
4.0,57,564
4.0,57,595
5.0,57,1362
5.0,57,1302
4.0,57,988
5.0,57,350
4.0,57,675
4.0,57,1363
5.0,57,447
4.0,57,309
2.0,57,311
4.0,57,402
5.0,57,522
4.0,57,418
5.0,57,459
4.0,57,604
3.0,57,381
5.0,57,1364
5.0,57,1365
4.0,57,383
5.0,57,472
5.0,57,1087
5.0,57,290
1.0,58,293
3.0,58,423
1.0,58,1366
2.0,58,718
1.0,58,722
4.0,58,726
2.0,58,593
5.0,58,1367
4.0,58,1368
5.0,58,1369
4.0,58,1369
4.0,58,1298
4.0,58,752
5.0,58,1344
3.0,58,1344
4.0,58,1276
2.0,58,1370
4.0,58,627
5.0,58,627
5.0,58,671
2.0,58,813
5.0,58,1371
5.0,58,1288
4.0,58,1027
4.0,58,1027
5.0,58,1372
2.0,58,364
4.0,58,843
3.0,58,892
2.0,58,316
2.0,58,1212
2.0,58,381
4.0,58,404
3.0,58,318
2.0,58,318
5.0,58,926
4.0,58,1348
2.0,58,1348
5.0,58,943
3.0,59,291
5.0,59,701
4.0,59,1055
3.0,59,292
4.0,59,703
3.0,59,968
3.0,59,970
3.0,59,654
4.0,59,590
5.0,59,1057
4.0,59,607
4.0,59,527
5.0,59,495
4.0,59,295
4.0,59,4
4.0,59,430
4.0,59,1373
5.0,59,731
4.0,59,528
5.0,59,609
4.0,59,975
3.0,59,1187
5.0,59,1295
4.0,59,281
4.0,59,1209
4.0,59,339
4.0,59,983
5.0,59,761
5.0,59,618
3.0,59,414
5.0,59,302
4.0,59,768
5.0,59,304
5.0,59,346
3.0,59,669
5.0,59,305
4.0,59,1074
5.0,59,14
4.0,59,598
5.0,59,1075
1.0,59,1374
4.0,59,348
4.0,59,800
2.0,59,800
5.0,59,802
4.0,59,1131
5.0,59,353
4.0,59,989
4.0,59,1336
4.0,59,815
3.0,59,1306
5.0,59,557
4.0,59,25
5.0,59,1133
2.0,59,1133
4.0,59,358
5.0,59,359
5.0,59,993
5.0,59,680
5.0,59,363
4.0,59,309
3.0,59,311
3.0,59,851
4.0,59,856
2.0,59,535
5.0,59,1375
5.0,59,869
4.0,59,875
5.0,59,879
5.0,59,45
2.0,59,373
4.0,59,373
5.0,59,1083
5.0,59,457
3.0,59,891
5.0,59,458
5.0,59,458
5.0,59,896
2.0,59,377
3.0,59,1376
2.0,59,904
5.0,59,604
4.0,59,463
3.0,59,1365
5.0,59,467
1.0,59,928
5.0,59,384
4.0,59,388
4.0,60,702
4.0,60,703
3.0,60,293
1.0,60,293
3.0,60,970
4.0,60,971
4.0,60,973
4.0,60,707
3.0,60,396
5.0,60,1000
4.0,60,710
3.0,60,710
1.0,60,1366
4.0,60,712
3.0,60,1377
4.0,60,1378
3.0,60,1
4.0,60,720
5.0,60,1379
2.0,60,1292
4.0,60,1061
3.0,60,1006
4.0,60,1006
1.0,60,1380
4.0,60,1381
4.0,60,1382
2.0,60,1383
5.0,60,1384
5.0,60,1385
3.0,60,295
4.0,60,1063
1.0,60,1063
2.0,60,425
4.0,60,655
4.0,60,578
5.0,60,730
5.0,60,1386
2.0,60,579
1.0,60,426
4.0,60,330
4.0,60,330
5.0,60,1387
2.0,60,332
4.0,60,595
4.0,60,1011
1.0,60,1388
4.0,60,397
4.0,60,661
2.0,60,1389
3.0,60,979
1.0,60,751
4.0,60,1297
3.0,60,1390
4.0,60,1299
4.0,60,340
3.0,60,1344
3.0,60,1391
1.0,60,582
3.0,60,6
3.0,60,1016
4.0,60,1192
5.0,60,1192
4.0,60,1193
2.0,60,757
4.0,60,759
4.0,60,613
3.0,60,1392
2.0,60,618
2.0,60,764
1.0,60,1393
4.0,60,301
3.0,60,400
1.0,60,1255
3.0,60,302
1.0,60,1260
5.0,60,437
5.0,60,437
5.0,60,1301
5.0,60,344
4.0,60,1394
1.0,60,772
2.0,60,304
1.0,60,304
5.0,60,346
2.0,60,1302
3.0,60,305
4.0,60,778
4.0,60,778
5.0,60,778
3.0,60,780
1.0,60,1395
2.0,60,598
5.0,60,1396
3.0,60,439
3.0,60,1261
4.0,60,788
5.0,60,789
3.0,60,1303
3.0,60,632
3.0,60,791
2.0,60,791
2.0,60,794
4.0,60,20
3.0,60,1219
1.0,60,1219
4.0,60,440
5.0,60,440
4.0,60,636
4.0,60,442
3.0,60,808
5.0,60,1022
4.0,60,443
3.0,60,815
3.0,60,557
2.0,60,816
3.0,60,25
1.0,60,25
2.0,60,1397
4.0,60,819
3.0,60,354
2.0,60,1308
4.0,60,1398
3.0,60,356
4.0,60,356
5.0,60,1079
5.0,60,533
3.0,60,1082
4.0,60,1399
4.0,60,831
4.0,60,360
1.0,60,835
1.0,60,836
5.0,60,1028
4.0,60,1111
4.0,60,1400
2.0,60,448
3.0,60,838
2.0,60,680
5.0,60,363
1.0,60,364
2.0,60,309
4.0,60,519
4.0,60,519
4.0,60,1401
5.0,60,1402
4.0,60,1403
1.0,60,450
2.0,60,451
3.0,60,586
3.0,60,1404
3.0,60,1404
2.0,60,40
4.0,60,40
3.0,60,1405
5.0,60,1406
5.0,60,1407
3.0,60,865
2.0,60,865
1.0,60,1408
2.0,60,1409
2.0,60,868
4.0,60,875
4.0,60,44
3.0,60,882
4.0,60,1410
4.0,60,454
4.0,60,45
3.0,60,1411
4.0,60,1264
3.0,60,890
3.0,60,1412
3.0,60,457
4.0,60,891
3.0,60,458
3.0,60,316
5.0,60,316
4.0,60,896
3.0,60,1413
3.0,60,1414
3.0,60,1414
5.0,60,54
4.0,60,54
2.0,60,54
4.0,60,898
1.0,60,898
2.0,60,690
1.0,60,1376
3.0,60,903
5.0,60,1147
5.0,60,1147
5.0,60,1147
4.0,60,906
2.0,60,907
4.0,60,380
4.0,60,462
3.0,60,284
4.0,60,285
1.0,60,464
3.0,60,464
3.0,60,1415
5.0,60,286
4.0,60,1416
4.0,60,926
2.0,60,927
5.0,60,928
3.0,60,931
5.0,60,1153
3.0,60,933
3.0,60,384
5.0,60,936
5.0,60,936
5.0,60,1285
5.0,60,1285
1.0,60,1348
4.0,60,539
3.0,60,1417
3.0,60,1418
4.0,60,288
5.0,60,391
5.0,60,471
4.0,60,944
3.0,60,553
5.0,60,553
4.0,60,322
4.0,60,1419
3.0,61,291
4.0,61,1420
4.0,61,294
2.0,61,1421
5.0,61,1057
5.0,61,1207
2.0,61,1351
3.0,61,748
3.0,61,1422
3.0,61,752
5.0,61,1423
3.0,61,340
3.0,61,1068
3.0,61,341
1.0,61,434
2.0,61,1424
2.0,61,982
2.0,61,399
4.0,61,1425
4.0,61,1426
3.0,61,342
4.0,61,437
4.0,61,669
3.0,61,815
4.0,61,1427
3.0,61,1428
2.0,61,993
5.0,62,291
4.0,62,1120
5.0,62,701
4.0,62,1055
3.0,62,292
5.0,62,968
4.0,62,293
3.0,62,1322
4.0,62,969
4.0,62,1420
4.0,62,294
2.0,62,590
5.0,62,1429
5.0,62,280
4.0,62,1002
5.0,62,1
3.0,62,430
4.0,62,1373
5.0,62,1187
4.0,62,281
5.0,62,741
5.0,62,580
4.0,62,1064
4.0,62,1430
5.0,62,744
2.0,62,978
4.0,62,1333
3.0,62,661
2.0,62,566
5.0,62,1431
4.0,62,1325
5.0,62,1432
5.0,62,1297
4.0,62,340
5.0,62,340
4.0,62,1433
5.0,62,1434
5.0,62,596
5.0,62,1069
4.0,62,434
5.0,62,1435
2.0,62,399
5.0,62,1436
3.0,62,1426
5.0,62,6
5.0,62,1437
4.0,62,758
5.0,62,613
5.0,62,1438
5.0,62,618
4.0,62,414
5.0,62,400
3.0,62,436
5.0,62,302
5.0,62,344
4.0,62,986
5.0,62,1439
3.0,62,598
2.0,62,1440
5.0,62,802
5.0,62,441
5.0,62,989
4.0,62,24
5.0,62,1078
5.0,62,1336
4.0,62,815
5.0,62,816
5.0,62,819
5.0,62,675
4.0,62,1288
5.0,62,1363
3.0,62,602
3.0,62,359
5.0,62,992
2.0,62,993
5.0,62,993
4.0,62,448
3.0,62,307
4.0,62,311
2.0,62,586
4.0,62,1404
5.0,62,874
5.0,62,874
5.0,62,887
5.0,62,456
5.0,62,418
5.0,62,1264
5.0,62,458
5.0,62,459
5.0,62,687
5.0,62,1200
5.0,62,317
5.0,62,908
5.0,62,605
5.0,62,911
3.0,62,463
5.0,62,917
3.0,62,920
2.0,62,920
3.0,62,920
5.0,62,1274
4.0,62,1441
4.0,62,1441
5.0,62,692
5.0,62,387
3.0,62,388
4.0,62,388
5.0,62,539
4.0,62,941
4.0,62,1086
5.0,62,322
5.0,62,948
5.0,62,394
5.0,62,326
3.0,62,569
4.0,62,959
5.0,62,1159
5.0,62,290
5.0,62,1442
5.0,62,1442
5.0,63,291
3.0,63,1055
5.0,63,972
4.0,63,707
5.0,63,1443
5.0,63,1444
4.0,63,1445
5.0,63,1446
5.0,63,1447
5.0,63,1448
4.0,63,1449
3.0,63,1450
4.0,63,1451
5.0,63,1452
4.0,63,78
5.0,63,1094
5.0,63,1297
5.0,63,433
3.0,63,1422
5.0,63,1390
1.0,63,1453
5.0,63,1454
5.0,63,1455
5.0,63,1456
5.0,63,90
5.0,63,1457
5.0,63,1458
4.0,63,1459
5.0,63,1460
3.0,63,1460
4.0,63,1460
5.0,63,1461
5.0,63,1462
5.0,63,1463
5.0,63,1464
3.0,63,1465
5.0,63,92
4.0,63,1466
5.0,63,1467
5.0,63,1468
5.0,63,216
5.0,63,1469
4.0,63,1470
2.0,63,1471
4.0,63,1472
4.0,63,94
5.0,63,1473
5.0,63,95
5.0,63,1474
5.0,63,1474
4.0,63,1475
5.0,63,1476
3.0,63,1477
4.0,63,1478
3.0,63,1479
5.0,63,1480
5.0,63,1481
2.0,63,1482
2.0,63,1483
3.0,63,1484
5.0,63,302
5.0,63,282
5.0,63,1485
5.0,63,1485
5.0,63,1486
5.0,63,1487
4.0,63,1488
5.0,63,1489
5.0,63,766
5.0,63,1245
5.0,63,1490
5.0,63,344
4.0,63,1491
4.0,63,1492
5.0,63,105
5.0,63,13
5.0,63,1493
5.0,63,1494
5.0,63,108
4.0,63,1495
5.0,63,1496
5.0,63,1497
4.0,63,1498
5.0,63,346
4.0,63,110
5.0,63,1499
5.0,63,1500
5.0,63,14
4.0,63,1501
5.0,63,1502
5.0,63,1503
5.0,63,1504
2.0,63,1505
5.0,63,1506
5.0,63,1507
4.0,63,1508
5.0,63,1509
5.0,63,1510
3.0,63,1511
5.0,63,1512
5.0,63,1513
5.0,63,1514
5.0,63,1515
4.0,63,632
5.0,63,1516
5.0,63,1516
4.0,63,791
5.0,63,1517
5.0,63,1518
4.0,63,1519
5.0,63,20
5.0,63,1520
5.0,63,1521
5.0,63,1522
2.0,63,1523
5.0,63,1524
4.0,63,1525
4.0,63,1526
5.0,63,1527
5.0,63,1528
5.0,63,1529
4.0,63,1530
1.0,63,1530
3.0,63,1531
3.0,63,1532
5.0,63,1078
4.0,63,1533
5.0,63,1534
5.0,63,815
3.0,63,1535
5.0,63,229
5.0,63,1536
5.0,63,1537
4.0,63,1538
4.0,63,1539
5.0,63,1540
5.0,63,1541
4.0,63,137
4.0,63,1542
5.0,63,1543
5.0,63,1543
5.0,63,1544
3.0,63,1545
5.0,63,1546
5.0,63,1547
4.0,63,1547
5.0,63,1548
5.0,63,1549
5.0,63,1550
5.0,63,1551
4.0,63,1552
5.0,63,1553
4.0,63,1554
5.0,63,1141
5.0,63,1555
5.0,63,1556
3.0,63,1557
2.0,63,1558
5.0,63,1559
5.0,63,1560
3.0,63,1561
4.0,63,1561
5.0,63,1561
5.0,63,145
3.0,63,1562
5.0,63,1563
5.0,63,1564
5.0,63,1565
4.0,63,1566
5.0,63,1567
4.0,63,152
5.0,63,154
4.0,63,253
5.0,63,1568
4.0,63,1569
3.0,63,1570
4.0,63,1571
5.0,63,1572
5.0,63,525
5.0,63,538
3.0,63,261
5.0,63,261
5.0,63,1573
3.0,63,1574
5.0,63,1575
4.0,63,1576
4.0,63,1577
4.0,63,1578
4.0,63,1579
5.0,63,1580
5.0,63,1581
4.0,63,1582
4.0,63,384
5.0,63,169
4.0,63,170
5.0,63,1583
5.0,63,1583
4.0,63,267
5.0,63,1584
5.0,63,172
5.0,63,1585
5.0,63,1586
2.0,63,1587
5.0,63,1588
1.0,63,1589
3.0,63,1589
5.0,63,1340
4.0,63,1590
4.0,63,1591
5.0,63,1592
5.0,63,1593
5.0,63,183
4.0,63,184
5.0,63,1594
4.0,63,1595
5.0,63,1596
5.0,63,1360
4.0,63,1597
5.0,63,1598
5.0,63,290
4.0,64,291
4.0,64,1120
3.0,64,703
3.0,64,968
3.0,64,293
4.0,64,1420
4.0,64,971
3.0,64,590
4.0,64,423
5.0,64,423
4.0,64,562
5.0,64,1429
3.0,64,280
4.0,64,495
3.0,64,1
3.0,64,716
4.0,64,2
4.0,64,424
4.0,64,295
5.0,64,4
5.0,64,1342
5.0,64,1294
4.0,64,1186
5.0,64,528
4.0,64,297
4.0,64,1187
3.0,64,281
4.0,64,742
2.0,64,744
4.0,64,1344
4.0,64,1362
4.0,64,1391
2.0,64,7
4.0,64,755
4.0,64,760
4.0,64,764
4.0,64,301
5.0,64,301
4.0,64,400
3.0,64,282
3.0,64,772
5.0,64,346
5.0,64,669
5.0,64,305
4.0,64,627
5.0,64,14
5.0,64,347
4.0,64,598
4.0,64,784
5.0,64,670
5.0,64,670
4.0,64,1075
4.0,64,671
3.0,64,672
3.0,64,794
5.0,64,795
4.0,64,350
4.0,64,805
4.0,64,636
4.0,64,353
4.0,64,989
3.0,64,1599
4.0,64,1078
4.0,64,1336
5.0,64,815
4.0,64,557
5.0,64,816
2.0,64,1307
2.0,64,1600
5.0,64,1601
4.0,64,601
5.0,64,677
4.0,64,356
5.0,64,1602
4.0,64,1603
3.0,64,602
2.0,64,573
3.0,64,829
5.0,64,359
4.0,64,992
2.0,64,993
3.0,64,1262
2.0,64,307
5.0,64,850
2.0,64,450
2.0,64,586
3.0,64,1604
4.0,64,855
4.0,64,522
2.0,64,869
4.0,64,875
4.0,64,1310
5.0,64,368
4.0,64,879
4.0,64,45
4.0,64,1264
4.0,64,890
4.0,64,457
5.0,64,891
5.0,64,458
4.0,64,524
5.0,64,1200
4.0,64,377
4.0,64,54
4.0,64,379
5.0,64,691
2.0,64,380
4.0,64,381
5.0,64,463
3.0,64,920
3.0,64,928
4.0,64,929
3.0,64,931
4.0,64,1047
4.0,64,1355
3.0,64,386
4.0,64,1605
4.0,64,943
5.0,64,553
4.0,64,405
4.0,64,323
5.0,64,1314
5.0,64,1606
2.0,64,1286
5.0,64,327
4.0,64,958
5.0,64,406
4.0,64,961
4.0,64,479
4.0,64,290
5.0,64,482
4.0,65,291
3.0,65,1291
4.0,65,590
5.0,65,423
4.0,65,999
5.0,65,712
4.0,65,564
4.0,65,496
5.0,65,333
5.0,65,610
4.0,65,297
4.0,65,1187
4.0,65,1295
4.0,65,1350
2.0,65,658
4.0,65,737
4.0,65,334
4.0,65,742
3.0,65,5
2.0,65,1607
4.0,65,340
3.0,65,1068
5.0,65,1344
5.0,65,1425
4.0,65,1391
5.0,65,754
5.0,65,615
5.0,65,1608
3.0,65,668
4.0,65,1609
4.0,65,102
4.0,65,302
5.0,65,620
5.0,65,766
5.0,65,11
4.0,65,303
5.0,65,625
4.0,65,669
5.0,65,627
4.0,65,1610
5.0,65,347
4.0,65,598
5.0,65,1611
5.0,65,1612
4.0,65,1512
3.0,65,1613
5.0,65,350
5.0,65,1614
4.0,65,352
4.0,65,636
5.0,65,638
5.0,65,353
5.0,65,1252
4.0,65,1615
4.0,65,1078
4.0,65,812
3.0,65,1336
3.0,65,557
4.0,65,820
5.0,65,601
5.0,65,1363
4.0,65,602
5.0,65,678
5.0,65,132
5.0,65,1399
4.0,65,359
4.0,65,36
3.0,65,1400
3.0,65,680
5.0,65,363
4.0,65,364
4.0,65,843
3.0,65,311
4.0,65,847
4.0,65,1616
2.0,65,1309
3.0,65,1405
4.0,65,402
5.0,65,1034
4.0,65,867
4.0,65,41
4.0,65,1617
4.0,65,1618
5.0,65,1619
5.0,65,368
5.0,65,1198
3.0,65,370
4.0,65,1620
3.0,65,373
4.0,65,47
5.0,65,51
4.0,65,1621
4.0,65,1337
5.0,65,1622
4.0,65,892
4.0,65,316
3.0,65,524
4.0,65,1623
4.0,65,377
4.0,65,1413
5.0,65,378
5.0,65,54
4.0,65,902
2.0,65,1624
5.0,65,691
5.0,65,604
4.0,65,1213
4.0,65,380
4.0,65,381
4.0,65,463
4.0,65,928
5.0,65,931
4.0,65,386
3.0,65,1605
4.0,65,387
4.0,65,389
4.0,65,287
4.0,65,1625
5.0,65,943
3.0,65,1626
4.0,65,1627
4.0,65,323
4.0,65,1628
3.0,65,1286
5.0,65,569
4.0,65,327
5.0,65,406
3.0,65,961
4.0,65,1087
2.0,66,291
3.0,66,280
3.0,66,4
5.0,66,657
3.0,66,658
4.0,66,739
4.0,66,739
4.0,66,1629
5.0,66,1425
4.0,66,547
3.0,66,806
5.0,66,807
2.0,66,815
3.0,66,306
3.0,66,357
2.0,66,361
3.0,66,307
3.0,66,308
2.0,66,842
2.0,66,367
4.0,66,1630
5.0,66,879
4.0,66,375
3.0,66,1631
5.0,66,689
2.0,66,524
3.0,66,524
5.0,66,1632
4.0,66,1633
2.0,66,381
3.0,66,403
3.0,66,1365
2.0,66,318
5.0,66,926
4.0,66,929
3.0,66,386
4.0,66,1634
3.0,66,389
2.0,66,1625
5.0,66,941
4.0,66,943
3.0,66,405
5.0,66,946
4.0,66,393
4.0,66,474
5.0,66,695
2.0,66,1635
4.0,66,325
3.0,66,696
4.0,66,1636
3.0,66,1356
3.0,67,291
4.0,67,1
4.0,67,728
4.0,67,295
4.0,67,593
3.0,67,579
4.0,67,765
3.0,67,302
3.0,67,627
3.0,67,1637
3.0,67,632
2.0,67,791
4.0,67,350
4.0,67,802
3.0,67,24
4.0,67,557
5.0,67,816
2.0,67,639
4.0,67,677
5.0,67,1134
4.0,67,573
3.0,67,1400
4.0,67,681
4.0,67,560
3.0,67,868
5.0,67,457
3.0,67,690
4.0,67,908
3.0,67,381
3.0,67,318
5.0,67,929
3.0,67,930
3.0,67,568
3.0,67,388
3.0,67,539
4.0,67,288
4.0,67,321
4.0,67,948
4.0,67,952
4.0,67,954
4.0,67,326
4.0,67,327
3.0,67,958
5.0,67,960
4.0,67,478
2.0,68,291
4.0,68,1055
5.0,68,494
4.0,68,654
1.0,68,395
4.0,68,1291
3.0,68,590
3.0,68,423
3.0,68,396
2.0,68,1366
4.0,68,1
5.0,68,1061
3.0,68,1062
4.0,68,728
4.0,68,4
5.0,68,1638
4.0,68,564
3.0,68,1373
5.0,68,331
3.0,68,731
3.0,68,411
4.0,68,496
4.0,68,1639
3.0,68,735
3.0,68,1640
5.0,68,297
3.0,68,1217
3.0,68,1127
2.0,68,1641
5.0,68,1187
4.0,68,1295
4.0,68,1350
5.0,68,497
3.0,68,658
3.0,68,1351
3.0,68,1642
3.0,68,1258
4.0,68,281
5.0,68,595
5.0,68,661
2.0,68,1325
5.0,68,1094
3.0,68,581
3.0,68,663
3.0,68,339
3.0,68,1643
4.0,68,664
3.0,68,433
3.0,68,1607
5.0,68,1423
4.0,68,1644
4.0,68,596
3.0,68,1645
3.0,68,300
4.0,68,1329
3.0,68,342
4.0,68,1210
5.0,68,502
3.0,68,759
3.0,68,763
3.0,68,301
5.0,68,415
3.0,68,1301
5.0,68,768
3.0,68,303
4.0,68,346
4.0,68,669
4.0,68,777
4.0,68,1074
5.0,68,14
5.0,68,347
2.0,68,597
3.0,68,1018
5.0,68,672
3.0,68,632
3.0,68,1374
5.0,68,1304
2.0,68,348
5.0,68,797
5.0,68,1646
4.0,68,350
4.0,68,1219
4.0,68,441
3.0,68,806
3.0,68,1354
4.0,68,352
4.0,68,636
3.0,68,1647
3.0,68,673
4.0,68,808
5.0,68,1615
3.0,68,989
5.0,68,444
5.0,68,814
4.0,68,445
4.0,68,815
3.0,68,557
1.0,68,1428
3.0,68,1307
3.0,68,354
3.0,68,1648
4.0,68,1649
4.0,68,1650
2.0,68,1025
4.0,68,33
4.0,68,1651
4.0,68,820
3.0,68,585
5.0,68,676
4.0,68,1308
4.0,68,1398
5.0,68,416
2.0,68,558
4.0,68,1134
4.0,68,678
4.0,68,573
3.0,68,1082
4.0,68,1652
4.0,68,642
3.0,68,362
5.0,68,363
5.0,68,364
3.0,68,309
5.0,68,842
2.0,68,1309
4.0,68,312
5.0,68,853
1.0,68,860
4.0,68,1653
5.0,68,1654
5.0,68,868
5.0,68,536
5.0,68,873
3.0,68,370
4.0,68,45
5.0,68,686
3.0,68,523
5.0,68,457
3.0,68,1084
4.0,68,1633
5.0,68,604
4.0,68,380
4.0,68,381
4.0,68,381
3.0,68,913
2.0,68,1043
3.0,68,463
2.0,68,463
3.0,68,403
4.0,68,464
4.0,68,318
5.0,68,929
5.0,68,930
2.0,68,386
2.0,68,1313
3.0,68,1313
4.0,68,388
4.0,68,389
3.0,68,390
5.0,68,1203
4.0,68,405
3.0,68,393
4.0,68,695
4.0,68,697
3.0,68,1655
4.0,68,698
3.0,68,1360
4.0,68,1636
3.0,68,1087
4.0,68,1318
1.0,69,1120
3.0,69,1055
3.0,69,703
2.0,69,968
4.0,69,1420
4.0,69,971
4.0,69,1656
2.0,69,653
5.0,69,705
4.0,69,1361
2.0,69,973
2.0,69,1291
3.0,69,590
3.0,69,999
4.0,69,999
5.0,69,562
5.0,69,1378
5.0,69,1
5.0,69,2
3.0,69,1062
3.0,69,1382
2.0,69,1385
3.0,69,1657
3.0,69,1293
5.0,69,729
4.0,69,1270
4.0,69,564
4.0,69,1373
2.0,69,1387
1.0,69,1658
5.0,69,731
3.0,69,1268
5.0,69,735
5.0,69,297
4.0,69,1217
3.0,69,1295
5.0,69,497
2.0,69,658
4.0,69,334
4.0,69,498
3.0,69,1343
5.0,69,281
5.0,69,595
2.0,69,1064
3.0,69,1065
4.0,69,745
5.0,69,397
2.0,69,566
4.0,69,500
4.0,69,1389
4.0,69,747
4.0,69,1209
4.0,69,398
3.0,69,1325
5.0,69,1296
4.0,69,337
2.0,69,339
5.0,69,433
2.0,69,1659
2.0,69,1607
5.0,69,1433
4.0,69,596
4.0,69,434
4.0,69,1660
4.0,69,1329
5.0,69,761
5.0,69,1392
4.0,69,8
4.0,69,618
3.0,69,400
5.0,69,436
5.0,69,1260
5.0,69,415
5.0,69,282
5.0,69,768
4.0,69,303
5.0,69,1330
3.0,69,669
5.0,69,777
4.0,69,1661
4.0,69,1661
3.0,69,1395
1.0,69,1395
3.0,69,597
5.0,69,1018
2.0,69,348
3.0,69,797
4.0,69,1662
5.0,69,802
3.0,69,1354
5.0,69,352
4.0,69,636
3.0,69,1663
3.0,69,989
4.0,69,809
4.0,69,1664
5.0,69,1022
3.0,69,1078
4.0,69,815
3.0,69,1306
4.0,69,557
5.0,69,816
4.0,69,817
5.0,69,1427
5.0,69,819
3.0,69,1371
4.0,69,585
4.0,69,585
4.0,69,823
4.0,69,823
2.0,69,355
3.0,69,1288
4.0,69,1133
5.0,69,601
3.0,69,602
5.0,69,1079
3.0,69,573
2.0,69,360
2.0,69,1665
4.0,69,448
5.0,69,364
4.0,69,309
5.0,69,310
4.0,69,845
5.0,69,845
3.0,69,1309
5.0,69,450
4.0,69,312
5.0,69,853
5.0,69,402
1.0,69,860
4.0,69,1197
4.0,69,1666
4.0,69,373
4.0,69,456
1.0,69,314
4.0,69,418
5.0,69,1284
3.0,69,1667
4.0,69,1567
5.0,69,458
5.0,69,458
5.0,69,896
5.0,69,524
4.0,69,53
5.0,69,1668
5.0,69,54
5.0,69,899
4.0,69,902
4.0,69,1632
5.0,69,904
3.0,69,1212
2.0,69,1212
3.0,69,604
3.0,69,1213
5.0,69,380
2.0,69,380
4.0,69,380
4.0,69,381
3.0,69,1043
4.0,69,403
5.0,69,464
4.0,69,1669
5.0,69,318
5.0,69,926
5.0,69,1441
4.0,69,1670
4.0,69,692
4.0,69,386
5.0,69,1671
5.0,69,941
5.0,69,1203
5.0,69,405
4.0,69,695
5.0,69,1314
4.0,69,1635
3.0,69,696
5.0,69,1053
4.0,69,1054
4.0,69,1672
2.0,69,290
4.0,70,707
4.0,70,744
5.0,70,302
3.0,70,805
4.0,70,602
3.0,70,45
4.0,70,459
4.0,70,1441
3.0,70,1054
3.0,70,290
3.0,71,1120
5.0,71,1000
5.0,71,713
4.0,71,1292
4.0,71,564
4.0,71,1323
5.0,71,528
3.0,71,1673
1.0,71,1674
3.0,71,1675
4.0,71,1065
4.0,71,1389
5.0,71,748
5.0,71,1094
5.0,71,1296
5.0,71,433
3.0,71,434
4.0,71,982
4.0,71,342
4.0,71,1012
3.0,71,613
3.0,71,760
4.0,71,761
5.0,71,618
5.0,71,1255
4.0,71,346
4.0,71,1018
3.0,71,1646
2.0,71,1662
5.0,71,20
4.0,71,815
5.0,71,819
5.0,71,1375
5.0,71,288
1.0,72,1120
5.0,72,1676
5.0,72,1676
1.0,72,1381
3.0,72,1677
3.0,72,1295
1.0,72,659
3.0,72,1678
2.0,72,1218
1.0,72,341
3.0,72,1344
3.0,72,1352
5.0,72,302
2.0,72,302
2.0,72,282
4.0,72,780
5.0,72,14
4.0,72,782
4.0,72,783
4.0,72,347
2.0,72,1679
4.0,72,671
4.0,72,671
3.0,72,1303
3.0,72,1680
4.0,72,1078
4.0,72,1288
3.0,72,1681
4.0,72,1082
4.0,72,361
3.0,72,309
4.0,72,841
4.0,72,366
2.0,72,450
4.0,72,1138
4.0,72,857
4.0,72,1682
4.0,72,866
5.0,72,1683
4.0,72,1683
3.0,72,1684
4.0,72,886
5.0,72,419
5.0,72,53
3.0,72,377
1.0,73,1120
4.0,73,279
5.0,73,703
3.0,73,718
4.0,73,1292
4.0,73,1293
5.0,73,579
4.0,73,663
4.0,73,433
5.0,73,1066
2.0,73,1685
3.0,73,1012
4.0,73,413
2.0,73,1260
5.0,73,437
3.0,73,772
4.0,73,987
4.0,73,1272
2.0,73,1686
3.0,73,670
5.0,73,1018
5.0,73,1687
4.0,73,1303
5.0,73,1688
3.0,73,1397
4.0,73,1308
3.0,73,602
3.0,73,993
5.0,73,886
4.0,73,419
3.0,73,1039
2.0,73,1039
5.0,73,525
4.0,73,463
4.0,73,463
2.0,74,1120
2.0,74,1055
4.0,74,703
4.0,74,970
4.0,74,1420
5.0,74,294
4.0,74,720
4.0,74,295
4.0,74,593
5.0,74,1216
3.0,74,543
4.0,74,497
4.0,74,1689
4.0,74,663
3.0,74,545
3.0,74,756
4.0,74,761
4.0,74,618
3.0,74,1260
5.0,74,437
4.0,74,768
4.0,74,584
5.0,74,14
4.0,74,1374
5.0,74,349
5.0,74,804
4.0,74,989
3.0,74,1078
4.0,74,1336
4.0,74,815
4.0,74,1307
5.0,74,1026
4.0,74,306
3.0,74,602
4.0,74,992
5.0,74,837
4.0,74,448
3.0,74,310
4.0,74,311
4.0,74,586
1.0,74,522
5.0,74,863
4.0,74,874
4.0,74,377
1.0,74,1213
4.0,74,908
4.0,74,283
3.0,75,1120
3.0,75,292
4.0,75,703
4.0,75,294
3.0,75,395
3.0,75,1291
3.0,75,495
3.0,75,592
4.0,75,722
2.0,75,579
3.0,75,1009
4.0,75,430
4.0,75,657
2.0,75,657
2.0,75,658
2.0,75,659
4.0,75,595
2.0,75,978
4.0,75,499
1.0,75,1690
3.0,75,581
2.0,75,1691
2.0,75,665
4.0,75,1422
4.0,75,341
4.0,75,341
4.0,75,1344
4.0,75,1434
2.0,75,982
3.0,75,1435
5.0,75,1436
2.0,75,1692
4.0,75,755
3.0,75,436
4.0,75,1256
3.0,75,988
1.0,75,988
3.0,75,1680
5.0,75,350
4.0,75,1693
4.0,75,804
4.0,75,1647
5.0,75,807
3.0,75,989
3.0,75,815
3.0,75,990
5.0,75,557
2.0,75,1397
5.0,75,1308
1.0,75,1288
3.0,75,1694
1.0,75,306
4.0,75,558
4.0,75,678
3.0,75,359
4.0,75,307
5.0,75,311
4.0,75,848
3.0,75,450
3.0,75,1695
4.0,75,866
4.0,75,1696
4.0,75,1683
5.0,75,1198
5.0,75,372
2.0,75,373
5.0,75,456
4.0,75,314
4.0,75,1283
3.0,75,1567
3.0,75,523
4.0,75,458
5.0,75,892
4.0,75,893
4.0,75,1697
4.0,75,1359
5.0,75,54
2.0,75,380
5.0,75,1698
4.0,75,1699
2.0,76,1120
4.0,76,971
4.0,76,562
5.0,76,707
5.0,76,528
4.0,76,297
5.0,76,1437
5.0,76,311
3.0,76,995
5.0,76,849
5.0,76,1700
5.0,76,857
4.0,76,1034
2.0,76,1200
4.0,76,378
3.0,77,1120
5.0,77,707
3.0,77,728
3.0,77,593
4.0,77,1094
4.0,77,1276
4.0,77,302
4.0,77,347
3.0,77,632
5.0,77,816
4.0,77,866
5.0,77,54
1.0,77,380
2.0,77,318
5.0,77,288
5.0,77,322
4.0,77,328
3.0,77,1159
4.0,78,1120
4.0,78,1055
4.0,78,293
4.0,78,591
5.0,78,330
4.0,78,1345
4.0,78,982
4.0,78,1329
3.0,78,986
3.0,78,1272
4.0,78,1273
4.0,78,597
4.0,78,348
4.0,78,448
5.0,78,363
2.0,78,1701
4.0,78,882
4.0,78,456
3.0,78,888
4.0,78,468
1.0,79,1120
5.0,79,292
3.0,79,301
3.0,79,597
5.0,79,802
3.0,79,557
5.0,79,54
5.0,79,404
5.0,79,406
5.0,79,290
2.0,80,1120
4.0,80,297
5.0,80,282
5.0,80,1261
5.0,80,572
3.0,80,602
4.0,80,522
5.0,80,1701
4.0,80,1311
5.0,80,389
3.0,81,1120
2.0,81,1055
4.0,81,702
5.0,81,707
5.0,81,1002
3.0,81,1702
4.0,81,720
4.0,81,1062
5.0,81,295
5.0,81,730
5.0,81,297
4.0,81,1011
3.0,81,298
5.0,81,1437
4.0,81,545
5.0,81,760
3.0,81,344
5.0,81,346
4.0,81,532
4.0,81,802
4.0,81,808
4.0,81,24
5.0,81,443
3.0,81,815
5.0,81,1600
4.0,81,585
4.0,81,446
3.0,81,829
5.0,81,519
3.0,81,312
4.0,81,1630
5.0,81,1083
4.0,81,689
4.0,81,54
4.0,81,898
5.0,81,1376
4.0,81,1632
3.0,81,1212
3.0,81,561
3.0,81,319
3.0,81,386
5.0,81,289
5.0,81,949
3.0,81,290
5.0,81,482
2.0,82,1120
4.0,82,972
4.0,82,4
4.0,82,1296
3.0,82,1703
4.0,82,783
3.0,82,815
3.0,82,1704
4.0,82,391
4.0,82,959
4.0,82,699
4.0,83,1000
4.0,83,1292
5.0,83,729
4.0,83,655
5.0,83,330
5.0,83,430
4.0,83,332
3.0,83,1268
5.0,83,1639
1.0,83,281
3.0,83,1325
5.0,83,1296
5.0,83,1705
5.0,83,752
4.0,83,340
5.0,83,1163
3.0,83,434
4.0,83,1327
4.0,83,1095
4.0,83,399
4.0,83,1329
4.0,83,613
5.0,83,400
3.0,83,1255
4.0,83,415
2.0,83,1301
4.0,83,346
5.0,83,1272
5.0,83,1439
3.0,83,1680
3.0,83,348
4.0,83,441
2.0,84,701
4.0,84,331
3.0,84,743
3.0,84,978
4.0,84,661
4.0,84,979
5.0,84,748
5.0,84,336
4.0,84,340
4.0,84,1435
5.0,84,344
5.0,84,669
2.0,84,1328
4.0,84,1439
4.0,84,1440
4.0,84,990
3.0,85,701
2.0,85,292
2.0,85,972
5.0,85,1421
5.0,85,654
4.0,85,1706
4.0,85,408
3.0,85,1
4.0,85,729
5.0,85,730
2.0,85,1008
4.0,85,1009
2.0,85,426
5.0,85,1707
4.0,85,594
1.0,85,564
5.0,85,430
4.0,85,731
3.0,85,411
4.0,85,297
2.0,85,1217
2.0,85,658
5.0,85,1351
5.0,85,741
5.0,85,1297
3.0,85,664
4.0,85,665
5.0,85,1423
2.0,85,340
5.0,85,1163
3.0,85,434
1.0,85,1692
3.0,85,613
4.0,85,761
4.0,85,763
